Category,MonthRaw,Registrations,Date,Year,Month
FOUR WHEELER (INVALID CARRIAGE),2021-01-01 00:00:00,185,2021-01-01,2021,1
FOUR WHEELER (INVALID CARRIAGE),2021-02-01 00:00:00,207,2021-02-01,2021,2
FOUR WHEELER (INVALID CARRIAGE),2021-03-01 00:00:00,226,2021-03-01,2021,3
FOUR WHEELER (INVALID CARRIAGE),2021-04-01 00:00:00,170,2021-04-01,2021,4
FOUR WHEELER (INVALID CARRIAGE),2021-05-01 00:00:00,99,2021-05-01,2021,5
FOUR WHEELER (INVALID CARRIAGE),2021-06-01 00:00:00,196,2021-06-01,2021,6
FOUR WHEELER (INVALID CARRIAGE),2021-07-01 00:00:00,206,2021-07-01,2021,7
FOUR WHEELER (INVALID CARRIAGE),2021-08-01 00:00:00,184,2021-08-01,2021,8
FOUR WHEELER (INVALID CARRIAGE),2021-09-01 00:00:00,205,2021-09-01,2021,9
FOUR WHEELER (INVALID CARRIAGE),2021-10-01 00:00:00,148,2021-10-01,2021,10
FOUR WHEELER (INVALID CARRIAGE),2021-11-01 00:00:00,178,2021-11-01,2021,11
FOUR WHEELER (INVALID CARRIAGE),2021-12-01 00:00:00,170,2021-12-01,2021,12
FOUR WHEELER (INVALID CARRIAGE),2022-01-01 00:00:00,186,2022-01-01,2022,1
FOUR WHEELER (INVALID CARRIAGE),2022-02-01 00:00:00,226,2022-02-01,2022,2
FOUR WHEELER (INVALID CARRIAGE),2022-03-01 00:00:00,254,2022-03-01,2022,3
FOUR WHEELER (INVALID CARRIAGE),2022-04-01 00:00:00,197,2022-04-01,2022,4
FOUR WHEELER (INVALID CARRIAGE),2022-05-01 00:00:00,215,2022-05-01,2022,5
FOUR WHEELER (INVALID CARRIAGE),2022-06-01 00:00:00,232,2022-06-01,2022,6
FOUR WHEELER (INVALID CARRIAGE),2022-07-01 00:00:00,217,2022-07-01,2022,7
FOUR WHEELER (INVALID CARRIAGE),2022-08-01 00:00:00,240,2022-08-01,2022,8
FOUR WHEELER (INVALID CARRIAGE),2022-09-01 00:00:00,227,2022-09-01,2022,9
FOUR WHEELER (INVALID CARRIAGE),2022-10-01 00:00:00,254,2022-10-01,2022,10
FOUR WHEELER (INVALID CARRIAGE),2022-11-01 00:00:00,301,2022-11-01,2022,11
FOUR WHEELER (INVALID CARRIAGE),2022-12-01 00:00:00,258,2022-12-01,2022,12
FOUR WHEELER (INVALID CARRIAGE),2023-01-01 00:00:00,248,2023-01-01,2023,1
FOUR WHEELER (INVALID CARRIAGE),2023-02-01 00:00:00,260,2023-02-01,2023,2
FOUR WHEELER (INVALID CARRIAGE),2023-03-01 00:00:00,305,2023-03-01,2023,3
FOUR WHEELER (INVALID CARRIAGE),2023-04-01 00:00:00,283,2023-04-01,2023,4
FOUR WHEELER (INVALID CARRIAGE),2023-05-01 00:00:00,307,2023-05-01,2023,5
FOUR WHEELER (INVALID CARRIAGE),2023-06-01 00:00:00,347,2023-06-01,2023,6
FOUR WHEELER (INVALID CARRIAGE),2023-07-01 00:00:00,315,2023-07-01,2023,7
FOUR WHEELER (INVALID CARRIAGE),2023-08-01 00:00:00,291,2023-08-01,2023,8
FOUR WHEELER (INVALID CARRIAGE),2023-09-01 00:00:00,297,2023-09-01,2023,9
FOUR WHEELER (INVALID CARRIAGE),2023-10-01 00:00:00,276,2023-10-01,2023,10
FOUR WHEELER (INVALID CARRIAGE),2023-11-01 00:00:00,331,2023-11-01,2023,11
FOUR WHEELER (INVALID CARRIAGE),2023-12-01 00:00:00,295,2023-12-01,2023,12
FOUR WHEELER (INVALID CARRIAGE),2024-01-01 00:00:00,321,2024-01-01,2024,1
FOUR WHEELER (INVALID CARRIAGE),2024-02-01 00:00:00,334,2024-02-01,2024,2
FOUR WHEELER (INVALID CARRIAGE),2024-03-01 00:00:00,332,2024-03-01,2024,3
FOUR WHEELER (INVALID CARRIAGE),2024-04-01 00:00:00,343,2024-04-01,2024,4
FOUR WHEELER (INVALID CARRIAGE),2024-05-01 00:00:00,357,2024-05-01,2024,5
FOUR WHEELER (INVALID CARRIAGE),2024-06-01 00:00:00,274,2024-06-01,2024,6
FOUR WHEELER (INVALID CARRIAGE),2024-07-01 00:00:00,303,2024-07-01,2024,7
FOUR WHEELER (INVALID CARRIAGE),2024-08-01 00:00:00,233,2024-08-01,2024,8
FOUR WHEELER (INVALID CARRIAGE),2024-09-01 00:00:00,195,2024-09-01,2024,9
FOUR WHEELER (INVALID CARRIAGE),2024-10-01 00:00:00,336,2024-10-01,2024,10
FOUR WHEELER (INVALID CARRIAGE),2024-11-01 00:00:00,271,2024-11-01,2024,11
FOUR WHEELER (INVALID CARRIAGE),2024-12-01 00:00:00,248,2024-12-01,2024,12
FOUR WHEELER (INVALID CARRIAGE),2025-01-01 00:00:00,332,2025-01-01,2025,1
FOUR WHEELER (INVALID CARRIAGE),2025-02-01 00:00:00,232,2025-02-01,2025,2
FOUR WHEELER (INVALID CARRIAGE),2025-03-01 00:00:00,261,2025-03-01,2025,3
FOUR WHEELER (INVALID CARRIAGE),2025-04-01 00:00:00,252,2025-04-01,2025,4
FOUR WHEELER (INVALID CARRIAGE),2025-05-01 00:00:00,300,2025-05-01,2025,5
FOUR WHEELER (INVALID CARRIAGE),2025-06-01 00:00:00,245,2025-06-01,2025,6
FOUR WHEELER (INVALID CARRIAGE),2025-07-01 00:00:00,269,2025-07-01,2025,7
FOUR WHEELER (INVALID CARRIAGE),2025-08-01 00:00:00,69,2025-08-01,2025,8
HEAVY MOTOR VEHICLE,2021-01-01 00:00:00,368,2021-01-01,2021,1
HEAVY MOTOR VEHICLE,2021-02-01 00:00:00,455,2021-02-01,2021,2
HEAVY MOTOR VEHICLE,2021-03-01 00:00:00,647,2021-03-01,2021,3
HEAVY MOTOR VEHICLE,2021-04-01 00:00:00,384,2021-04-01,2021,4
HEAVY MOTOR VEHICLE,2021-05-01 00:00:00,152,2021-05-01,2021,5
HEAVY MOTOR VEHICLE,2021-06-01 00:00:00,314,2021-06-01,2021,6
HEAVY MOTOR VEHICLE,2021-07-01 00:00:00,343,2021-07-01,2021,7
HEAVY MOTOR VEHICLE,2021-08-01 00:00:00,334,2021-08-01,2021,8
HEAVY MOTOR VEHICLE,2021-09-01 00:00:00,473,2021-09-01,2021,9
HEAVY MOTOR VEHICLE,2021-10-01 00:00:00,399,2021-10-01,2021,10
HEAVY MOTOR VEHICLE,2021-11-01 00:00:00,380,2021-11-01,2021,11
HEAVY MOTOR VEHICLE,2021-12-01 00:00:00,504,2021-12-01,2021,12
HEAVY MOTOR VEHICLE,2022-01-01 00:00:00,503,2022-01-01,2022,1
HEAVY MOTOR VEHICLE,2022-02-01 00:00:00,438,2022-02-01,2022,2
HEAVY MOTOR VEHICLE,2022-03-01 00:00:00,523,2022-03-01,2022,3
HEAVY MOTOR VEHICLE,2022-04-01 00:00:00,497,2022-04-01,2022,4
HEAVY MOTOR VEHICLE,2022-05-01 00:00:00,467,2022-05-01,2022,5
HEAVY MOTOR VEHICLE,2022-06-01 00:00:00,469,2022-06-01,2022,6
HEAVY MOTOR VEHICLE,2022-07-01 00:00:00,456,2022-07-01,2022,7
HEAVY MOTOR VEHICLE,2022-08-01 00:00:00,386,2022-08-01,2022,8
HEAVY MOTOR VEHICLE,2022-09-01 00:00:00,436,2022-09-01,2022,9
HEAVY MOTOR VEHICLE,2022-10-01 00:00:00,514,2022-10-01,2022,10
HEAVY MOTOR VEHICLE,2022-11-01 00:00:00,500,2022-11-01,2022,11
HEAVY MOTOR VEHICLE,2022-12-01 00:00:00,551,2022-12-01,2022,12
HEAVY MOTOR VEHICLE,2023-01-01 00:00:00,465,2023-01-01,2023,1
HEAVY MOTOR VEHICLE,2023-02-01 00:00:00,448,2023-02-01,2023,2
HEAVY MOTOR VEHICLE,2023-03-01 00:00:00,578,2023-03-01,2023,3
HEAVY MOTOR VEHICLE,2023-04-01 00:00:00,593,2023-04-01,2023,4
HEAVY MOTOR VEHICLE,2023-05-01 00:00:00,592,2023-05-01,2023,5
HEAVY MOTOR VEHICLE,2023-06-01 00:00:00,542,2023-06-01,2023,6
HEAVY MOTOR VEHICLE,2023-07-01 00:00:00,429,2023-07-01,2023,7
HEAVY MOTOR VEHICLE,2023-08-01 00:00:00,426,2023-08-01,2023,8
HEAVY MOTOR VEHICLE,2023-09-01 00:00:00,457,2023-09-01,2023,9
HEAVY MOTOR VEHICLE,2023-10-01 00:00:00,476,2023-10-01,2023,10
HEAVY MOTOR VEHICLE,2023-11-01 00:00:00,401,2023-11-01,2023,11
HEAVY MOTOR VEHICLE,2023-12-01 00:00:00,374,2023-12-01,2023,12
HEAVY MOTOR VEHICLE,2024-01-01 00:00:00,375,2024-01-01,2024,1
HEAVY MOTOR VEHICLE,2024-02-01 00:00:00,400,2024-02-01,2024,2
HEAVY MOTOR VEHICLE,2024-03-01 00:00:00,474,2024-03-01,2024,3
HEAVY MOTOR VEHICLE,2024-04-01 00:00:00,437,2024-04-01,2024,4
HEAVY MOTOR VEHICLE,2024-05-01 00:00:00,403,2024-05-01,2024,5
HEAVY MOTOR VEHICLE,2024-06-01 00:00:00,370,2024-06-01,2024,6
HEAVY MOTOR VEHICLE,2024-07-01 00:00:00,350,2024-07-01,2024,7
HEAVY MOTOR VEHICLE,2024-08-01 00:00:00,311,2024-08-01,2024,8
HEAVY MOTOR VEHICLE,2024-09-01 00:00:00,350,2024-09-01,2024,9
HEAVY MOTOR VEHICLE,2024-10-01 00:00:00,385,2024-10-01,2024,10
HEAVY MOTOR VEHICLE,2024-11-01 00:00:00,277,2024-11-01,2024,11
HEAVY MOTOR VEHICLE,2024-12-01 00:00:00,361,2024-12-01,2024,12
HEAVY MOTOR VEHICLE,2025-01-01 00:00:00,488,2025-01-01,2025,1
HEAVY MOTOR VEHICLE,2025-02-01 00:00:00,291,2025-02-01,2025,2
HEAVY MOTOR VEHICLE,2025-03-01 00:00:00,415,2025-03-01,2025,3
HEAVY MOTOR VEHICLE,2025-04-01 00:00:00,360,2025-04-01,2025,4
HEAVY MOTOR VEHICLE,2025-05-01 00:00:00,400,2025-05-01,2025,5
HEAVY MOTOR VEHICLE,2025-06-01 00:00:00,579,2025-06-01,2025,6
HEAVY MOTOR VEHICLE,2025-07-01 00:00:00,204,2025-07-01,2025,7
HEAVY MOTOR VEHICLE,2025-08-01 00:00:00,37,2025-08-01,2025,8
LIGHT MOTOR VEHICLE,2021-01-01 00:00:00,385066,2021-01-01,2021,1
LIGHT MOTOR VEHICLE,2021-02-01 00:00:00,341655,2021-02-01,2021,2
LIGHT MOTOR VEHICLE,2021-03-01 00:00:00,382378,2021-03-01,2021,3
LIGHT MOTOR VEHICLE,2021-04-01 00:00:00,260707,2021-04-01,2021,4
LIGHT MOTOR VEHICLE,2021-05-01 00:00:00,108707,2021-05-01,2021,5
LIGHT MOTOR VEHICLE,2021-06-01 00:00:00,260585,2021-06-01,2021,6
LIGHT MOTOR VEHICLE,2021-07-01 00:00:00,374716,2021-07-01,2021,7
LIGHT MOTOR VEHICLE,2021-08-01 00:00:00,352679,2021-08-01,2021,8
LIGHT MOTOR VEHICLE,2021-09-01 00:00:00,310933,2021-09-01,2021,9
LIGHT MOTOR VEHICLE,2021-10-01 00:00:00,293730,2021-10-01,2021,10
LIGHT MOTOR VEHICLE,2021-11-01 00:00:00,310277,2021-11-01,2021,11
LIGHT MOTOR VEHICLE,2021-12-01 00:00:00,332485,2021-12-01,2021,12
LIGHT MOTOR VEHICLE,2022-01-01 00:00:00,338571,2022-01-01,2022,1
LIGHT MOTOR VEHICLE,2022-02-01 00:00:00,311502,2022-02-01,2022,2
LIGHT MOTOR VEHICLE,2022-03-01 00:00:00,358334,2022-03-01,2022,3
LIGHT MOTOR VEHICLE,2022-04-01 00:00:00,329349,2022-04-01,2022,4
LIGHT MOTOR VEHICLE,2022-05-01 00:00:00,338733,2022-05-01,2022,5
LIGHT MOTOR VEHICLE,2022-06-01 00:00:00,338851,2022-06-01,2022,6
LIGHT MOTOR VEHICLE,2022-07-01 00:00:00,332586,2022-07-01,2022,7
LIGHT MOTOR VEHICLE,2022-08-01 00:00:00,344934,2022-08-01,2022,8
LIGHT MOTOR VEHICLE,2022-09-01 00:00:00,323050,2022-09-01,2022,9
LIGHT MOTOR VEHICLE,2022-10-01 00:00:00,402488,2022-10-01,2022,10
LIGHT MOTOR VEHICLE,2022-11-01 00:00:00,368510,2022-11-01,2022,11
LIGHT MOTOR VEHICLE,2022-12-01 00:00:00,346871,2022-12-01,2022,12
LIGHT MOTOR VEHICLE,2023-01-01 00:00:00,401707,2023-01-01,2023,1
LIGHT MOTOR VEHICLE,2023-02-01 00:00:00,345524,2023-02-01,2023,2
LIGHT MOTOR VEHICLE,2023-03-01 00:00:00,397163,2023-03-01,2023,3
LIGHT MOTOR VEHICLE,2023-04-01 00:00:00,323419,2023-04-01,2023,4
LIGHT MOTOR VEHICLE,2023-05-01 00:00:00,352576,2023-05-01,2023,5
LIGHT MOTOR VEHICLE,2023-06-01 00:00:00,373486,2023-06-01,2023,6
LIGHT MOTOR VEHICLE,2023-07-01 00:00:00,353902,2023-07-01,2023,7
LIGHT MOTOR VEHICLE,2023-08-01 00:00:00,366849,2023-08-01,2023,8
LIGHT MOTOR VEHICLE,2023-09-01 00:00:00,364313,2023-09-01,2023,9
LIGHT MOTOR VEHICLE,2023-10-01 00:00:00,396543,2023-10-01,2023,10
LIGHT MOTOR VEHICLE,2023-11-01 00:00:00,409046,2023-11-01,2023,11
LIGHT MOTOR VEHICLE,2023-12-01 00:00:00,354303,2023-12-01,2023,12
LIGHT MOTOR VEHICLE,2024-01-01 00:00:00,459045,2024-01-01,2024,1
LIGHT MOTOR VEHICLE,2024-02-01 00:00:00,384062,2024-02-01,2024,2
LIGHT MOTOR VEHICLE,2024-03-01 00:00:00,373996,2024-03-01,2024,3
LIGHT MOTOR VEHICLE,2024-04-01 00:00:00,371104,2024-04-01,2024,4
LIGHT MOTOR VEHICLE,2024-05-01 00:00:00,350931,2024-05-01,2024,5
LIGHT MOTOR VEHICLE,2024-06-01 00:00:00,332912,2024-06-01,2024,6
LIGHT MOTOR VEHICLE,2024-07-01 00:00:00,376913,2024-07-01,2024,7
LIGHT MOTOR VEHICLE,2024-08-01 00:00:00,355098,2024-08-01,2024,8
LIGHT MOTOR VEHICLE,2024-09-01 00:00:00,318130,2024-09-01,2024,9
LIGHT MOTOR VEHICLE,2024-10-01 00:00:00,531923,2024-10-01,2024,10
LIGHT MOTOR VEHICLE,2024-11-01 00:00:00,385187,2024-11-01,2024,11
LIGHT MOTOR VEHICLE,2024-12-01 00:00:00,376294,2024-12-01,2024,12
LIGHT MOTOR VEHICLE,2025-01-01 00:00:00,533347,2025-01-01,2025,1
LIGHT MOTOR VEHICLE,2025-02-01 00:00:00,348950,2025-02-01,2025,2
LIGHT MOTOR VEHICLE,2025-03-01 00:00:00,400635,2025-03-01,2025,3
LIGHT MOTOR VEHICLE,2025-04-01 00:00:00,391787,2025-04-01,2025,4
LIGHT MOTOR VEHICLE,2025-05-01 00:00:00,353313,2025-05-01,2025,5
LIGHT MOTOR VEHICLE,2025-06-01 00:00:00,352796,2025-06-01,2025,6
LIGHT MOTOR VEHICLE,2025-07-01 00:00:00,383483,2025-07-01,2025,7
LIGHT MOTOR VEHICLE,2025-08-01 00:00:00,85310,2025-08-01,2025,8
MEDIUM MOTOR VEHICLE,2021-01-01 00:00:00,1939,2021-01-01,2021,1
MEDIUM MOTOR VEHICLE,2021-02-01 00:00:00,1813,2021-02-01,2021,2
MEDIUM MOTOR VEHICLE,2021-03-01 00:00:00,2233,2021-03-01,2021,3
MEDIUM MOTOR VEHICLE,2021-04-01 00:00:00,1124,2021-04-01,2021,4
MEDIUM MOTOR VEHICLE,2021-05-01 00:00:00,449,2021-05-01,2021,5
MEDIUM MOTOR VEHICLE,2021-06-01 00:00:00,1122,2021-06-01,2021,6
MEDIUM MOTOR VEHICLE,2021-07-01 00:00:00,1481,2021-07-01,2021,7
MEDIUM MOTOR VEHICLE,2021-08-01 00:00:00,1347,2021-08-01,2021,8
MEDIUM MOTOR VEHICLE,2021-09-01 00:00:00,1721,2021-09-01,2021,9
MEDIUM MOTOR VEHICLE,2021-10-01 00:00:00,1368,2021-10-01,2021,10
MEDIUM MOTOR VEHICLE,2021-11-01 00:00:00,1298,2021-11-01,2021,11
MEDIUM MOTOR VEHICLE,2021-12-01 00:00:00,1266,2021-12-01,2021,12
MEDIUM MOTOR VEHICLE,2022-01-01 00:00:00,1155,2022-01-01,2022,1
MEDIUM MOTOR VEHICLE,2022-02-01 00:00:00,1146,2022-02-01,2022,2
MEDIUM MOTOR VEHICLE,2022-03-01 00:00:00,1623,2022-03-01,2022,3
MEDIUM MOTOR VEHICLE,2022-04-01 00:00:00,1161,2022-04-01,2022,4
MEDIUM MOTOR VEHICLE,2022-05-01 00:00:00,1160,2022-05-01,2022,5
MEDIUM MOTOR VEHICLE,2022-06-01 00:00:00,1148,2022-06-01,2022,6
MEDIUM MOTOR VEHICLE,2022-07-01 00:00:00,1026,2022-07-01,2022,7
MEDIUM MOTOR VEHICLE,2022-08-01 00:00:00,929,2022-08-01,2022,8
MEDIUM MOTOR VEHICLE,2022-09-01 00:00:00,1281,2022-09-01,2022,9
MEDIUM MOTOR VEHICLE,2022-10-01 00:00:00,1367,2022-10-01,2022,10
MEDIUM MOTOR VEHICLE,2022-11-01 00:00:00,1471,2022-11-01,2022,11
MEDIUM MOTOR VEHICLE,2022-12-01 00:00:00,1268,2022-12-01,2022,12
MEDIUM MOTOR VEHICLE,2023-01-01 00:00:00,1136,2023-01-01,2023,1
MEDIUM MOTOR VEHICLE,2023-02-01 00:00:00,1040,2023-02-01,2023,2
MEDIUM MOTOR VEHICLE,2023-03-01 00:00:00,1118,2023-03-01,2023,3
MEDIUM MOTOR VEHICLE,2023-04-01 00:00:00,877,2023-04-01,2023,4
MEDIUM MOTOR VEHICLE,2023-05-01 00:00:00,1003,2023-05-01,2023,5
MEDIUM MOTOR VEHICLE,2023-06-01 00:00:00,977,2023-06-01,2023,6
MEDIUM MOTOR VEHICLE,2023-07-01 00:00:00,775,2023-07-01,2023,7
MEDIUM MOTOR VEHICLE,2023-08-01 00:00:00,807,2023-08-01,2023,8
MEDIUM MOTOR VEHICLE,2023-09-01 00:00:00,926,2023-09-01,2023,9
MEDIUM MOTOR VEHICLE,2023-10-01 00:00:00,981,2023-10-01,2023,10
MEDIUM MOTOR VEHICLE,2023-11-01 00:00:00,1023,2023-11-01,2023,11
MEDIUM MOTOR VEHICLE,2023-12-01 00:00:00,1039,2023-12-01,2023,12
MEDIUM MOTOR VEHICLE,2024-01-01 00:00:00,989,2024-01-01,2024,1
MEDIUM MOTOR VEHICLE,2024-02-01 00:00:00,1197,2024-02-01,2024,2
MEDIUM MOTOR VEHICLE,2024-03-01 00:00:00,1052,2024-03-01,2024,3
MEDIUM MOTOR VEHICLE,2024-04-01 00:00:00,985,2024-04-01,2024,4
MEDIUM MOTOR VEHICLE,2024-05-01 00:00:00,863,2024-05-01,2024,5
MEDIUM MOTOR VEHICLE,2024-06-01 00:00:00,761,2024-06-01,2024,6
MEDIUM MOTOR VEHICLE,2024-07-01 00:00:00,779,2024-07-01,2024,7
MEDIUM MOTOR VEHICLE,2024-08-01 00:00:00,667,2024-08-01,2024,8
MEDIUM MOTOR VEHICLE,2024-09-01 00:00:00,789,2024-09-01,2024,9
MEDIUM MOTOR VEHICLE,2024-10-01 00:00:00,919,2024-10-01,2024,10
MEDIUM MOTOR VEHICLE,2024-11-01 00:00:00,972,2024-11-01,2024,11
MEDIUM MOTOR VEHICLE,2024-12-01 00:00:00,959,2024-12-01,2024,12
MEDIUM MOTOR VEHICLE,2025-01-01 00:00:00,982,2025-01-01,2025,1
MEDIUM MOTOR VEHICLE,2025-02-01 00:00:00,795,2025-02-01,2025,2
MEDIUM MOTOR VEHICLE,2025-03-01 00:00:00,1093,2025-03-01,2025,3
MEDIUM MOTOR VEHICLE,2025-04-01 00:00:00,862,2025-04-01,2025,4
MEDIUM MOTOR VEHICLE,2025-05-01 00:00:00,711,2025-05-01,2025,5
MEDIUM MOTOR VEHICLE,2025-06-01 00:00:00,913,2025-06-01,2025,6
MEDIUM MOTOR VEHICLE,2025-07-01 00:00:00,466,2025-07-01,2025,7
MEDIUM MOTOR VEHICLE,2025-08-01 00:00:00,130,2025-08-01,2025,8
THREE WHEELER (INVALID CARRIAGE),2021-01-01 00:00:00,0,2021-01-01,2021,1
THREE WHEELER (INVALID CARRIAGE),2021-02-01 00:00:00,0,2021-02-01,2021,2
THREE WHEELER (INVALID CARRIAGE),2021-03-01 00:00:00,0,2021-03-01,2021,3
THREE WHEELER (INVALID CARRIAGE),2021-04-01 00:00:00,0,2021-04-01,2021,4
THREE WHEELER (INVALID CARRIAGE),2021-05-01 00:00:00,0,2021-05-01,2021,5
THREE WHEELER (INVALID CARRIAGE),2021-06-01 00:00:00,0,2021-06-01,2021,6
THREE WHEELER (INVALID CARRIAGE),2021-07-01 00:00:00,0,2021-07-01,2021,7
THREE WHEELER (INVALID CARRIAGE),2021-08-01 00:00:00,0,2021-08-01,2021,8
THREE WHEELER (INVALID CARRIAGE),2021-09-01 00:00:00,0,2021-09-01,2021,9
THREE WHEELER (INVALID CARRIAGE),2021-10-01 00:00:00,0,2021-10-01,2021,10
THREE WHEELER (INVALID CARRIAGE),2021-11-01 00:00:00,0,2021-11-01,2021,11
THREE WHEELER (INVALID CARRIAGE),2021-12-01 00:00:00,0,2021-12-01,2021,12
THREE WHEELER (INVALID CARRIAGE),2022-01-01 00:00:00,0,2022-01-01,2022,1
THREE WHEELER (INVALID CARRIAGE),2022-02-01 00:00:00,0,2022-02-01,2022,2
THREE WHEELER (INVALID CARRIAGE),2022-03-01 00:00:00,1,2022-03-01,2022,3
THREE WHEELER (INVALID CARRIAGE),2022-04-01 00:00:00,0,2022-04-01,2022,4
THREE WHEELER (INVALID CARRIAGE),2022-05-01 00:00:00,0,2022-05-01,2022,5
THREE WHEELER (INVALID CARRIAGE),2022-06-01 00:00:00,0,2022-06-01,2022,6
THREE WHEELER (INVALID CARRIAGE),2022-07-01 00:00:00,0,2022-07-01,2022,7
THREE WHEELER (INVALID CARRIAGE),2022-08-01 00:00:00,0,2022-08-01,2022,8
THREE WHEELER (INVALID CARRIAGE),2022-09-01 00:00:00,0,2022-09-01,2022,9
THREE WHEELER (INVALID CARRIAGE),2022-10-01 00:00:00,0,2022-10-01,2022,10
THREE WHEELER (INVALID CARRIAGE),2022-11-01 00:00:00,0,2022-11-01,2022,11
THREE WHEELER (INVALID CARRIAGE),2022-12-01 00:00:00,0,2022-12-01,2022,12
THREE WHEELER (INVALID CARRIAGE),2023-01-01 00:00:00,0,2023-01-01,2023,1
THREE WHEELER (INVALID CARRIAGE),2023-02-01 00:00:00,0,2023-02-01,2023,2
THREE WHEELER (INVALID CARRIAGE),2023-03-01 00:00:00,0,2023-03-01,2023,3
THREE WHEELER (INVALID CARRIAGE),2023-04-01 00:00:00,0,2023-04-01,2023,4
THREE WHEELER (INVALID CARRIAGE),2023-05-01 00:00:00,0,2023-05-01,2023,5
THREE WHEELER (INVALID CARRIAGE),2023-06-01 00:00:00,0,2023-06-01,2023,6
THREE WHEELER (INVALID CARRIAGE),2023-07-01 00:00:00,0,2023-07-01,2023,7
THREE WHEELER (INVALID CARRIAGE),2023-08-01 00:00:00,0,2023-08-01,2023,8
THREE WHEELER (INVALID CARRIAGE),2023-09-01 00:00:00,0,2023-09-01,2023,9
THREE WHEELER (INVALID CARRIAGE),2023-10-01 00:00:00,0,2023-10-01,2023,10
THREE WHEELER (INVALID CARRIAGE),2023-11-01 00:00:00,0,2023-11-01,2023,11
THREE WHEELER (INVALID CARRIAGE),2023-12-01 00:00:00,0,2023-12-01,2023,12
THREE WHEELER (INVALID CARRIAGE),2024-01-01 00:00:00,0,2024-01-01,2024,1
THREE WHEELER (INVALID CARRIAGE),2024-02-01 00:00:00,0,2024-02-01,2024,2
THREE WHEELER (INVALID CARRIAGE),2024-03-01 00:00:00,1,2024-03-01,2024,3
THREE WHEELER (INVALID CARRIAGE),2024-04-01 00:00:00,2,2024-04-01,2024,4
THREE WHEELER (INVALID CARRIAGE),2024-05-01 00:00:00,3,2024-05-01,2024,5
THREE WHEELER (INVALID CARRIAGE),2024-06-01 00:00:00,0,2024-06-01,2024,6
THREE WHEELER (INVALID CARRIAGE),2024-07-01 00:00:00,1,2024-07-01,2024,7
THREE WHEELER (INVALID CARRIAGE),2024-08-01 00:00:00,4,2024-08-01,2024,8
THREE WHEELER (INVALID CARRIAGE),2024-09-01 00:00:00,1,2024-09-01,2024,9
THREE WHEELER (INVALID CARRIAGE),2024-10-01 00:00:00,0,2024-10-01,2024,10
THREE WHEELER (INVALID CARRIAGE),2024-11-01 00:00:00,2,2024-11-01,2024,11
THREE WHEELER (INVALID CARRIAGE),2024-12-01 00:00:00,1,2024-12-01,2024,12
THREE WHEELER (INVALID CARRIAGE),2025-01-01 00:00:00,0,2025-01-01,2025,1
THREE WHEELER (INVALID CARRIAGE),2025-02-01 00:00:00,0,2025-02-01,2025,2
THREE WHEELER (INVALID CARRIAGE),2025-03-01 00:00:00,2,2025-03-01,2025,3
THREE WHEELER (INVALID CARRIAGE),2025-04-01 00:00:00,0,2025-04-01,2025,4
THREE WHEELER (INVALID CARRIAGE),2025-05-01 00:00:00,1,2025-05-01,2025,5
THREE WHEELER (INVALID CARRIAGE),2025-06-01 00:00:00,0,2025-06-01,2025,6
THREE WHEELER (INVALID CARRIAGE),2025-07-01 00:00:00,0,2025-07-01,2025,7
THREE WHEELER (INVALID CARRIAGE),2025-08-01 00:00:00,0,2025-08-01,2025,8
THREE WHEELER(NT),2021-01-01 00:00:00,823,2021-01-01,2021,1
THREE WHEELER(NT),2021-02-01 00:00:00,880,2021-02-01,2021,2
THREE WHEELER(NT),2021-03-01 00:00:00,824,2021-03-01,2021,3
THREE WHEELER(NT),2021-04-01 00:00:00,482,2021-04-01,2021,4
THREE WHEELER(NT),2021-05-01 00:00:00,94,2021-05-01,2021,5
THREE WHEELER(NT),2021-06-01 00:00:00,162,2021-06-01,2021,6
THREE WHEELER(NT),2021-07-01 00:00:00,281,2021-07-01,2021,7
THREE WHEELER(NT),2021-08-01 00:00:00,373,2021-08-01,2021,8
THREE WHEELER(NT),2021-09-01 00:00:00,397,2021-09-01,2021,9
THREE WHEELER(NT),2021-10-01 00:00:00,722,2021-10-01,2021,10
THREE WHEELER(NT),2021-11-01 00:00:00,479,2021-11-01,2021,11
THREE WHEELER(NT),2021-12-01 00:00:00,448,2021-12-01,2021,12
THREE WHEELER(NT),2022-01-01 00:00:00,475,2022-01-01,2022,1
THREE WHEELER(NT),2022-02-01 00:00:00,541,2022-02-01,2022,2
THREE WHEELER(NT),2022-03-01 00:00:00,634,2022-03-01,2022,3
THREE WHEELER(NT),2022-04-01 00:00:00,625,2022-04-01,2022,4
THREE WHEELER(NT),2022-05-01 00:00:00,648,2022-05-01,2022,5
THREE WHEELER(NT),2022-06-01 00:00:00,707,2022-06-01,2022,6
THREE WHEELER(NT),2022-07-01 00:00:00,861,2022-07-01,2022,7
THREE WHEELER(NT),2022-08-01 00:00:00,1220,2022-08-01,2022,8
THREE WHEELER(NT),2022-09-01 00:00:00,1773,2022-09-01,2022,9
THREE WHEELER(NT),2022-10-01 00:00:00,2380,2022-10-01,2022,10
THREE WHEELER(NT),2022-11-01 00:00:00,2002,2022-11-01,2022,11
THREE WHEELER(NT),2022-12-01 00:00:00,1950,2022-12-01,2022,12
THREE WHEELER(NT),2023-01-01 00:00:00,1960,2023-01-01,2023,1
THREE WHEELER(NT),2023-02-01 00:00:00,2094,2023-02-01,2023,2
THREE WHEELER(NT),2023-03-01 00:00:00,2049,2023-03-01,2023,3
THREE WHEELER(NT),2023-04-01 00:00:00,470,2023-04-01,2023,4
THREE WHEELER(NT),2023-05-01 00:00:00,73,2023-05-01,2023,5
THREE WHEELER(NT),2023-06-01 00:00:00,96,2023-06-01,2023,6
THREE WHEELER(NT),2023-07-01 00:00:00,86,2023-07-01,2023,7
THREE WHEELER(NT),2023-08-01 00:00:00,103,2023-08-01,2023,8
THREE WHEELER(NT),2023-09-01 00:00:00,83,2023-09-01,2023,9
THREE WHEELER(NT),2023-10-01 00:00:00,71,2023-10-01,2023,10
THREE WHEELER(NT),2023-11-01 00:00:00,93,2023-11-01,2023,11
THREE WHEELER(NT),2023-12-01 00:00:00,83,2023-12-01,2023,12
THREE WHEELER(NT),2024-01-01 00:00:00,51,2024-01-01,2024,1
THREE WHEELER(NT),2024-02-01 00:00:00,68,2024-02-01,2024,2
THREE WHEELER(NT),2024-03-01 00:00:00,99,2024-03-01,2024,3
THREE WHEELER(NT),2024-04-01 00:00:00,63,2024-04-01,2024,4
THREE WHEELER(NT),2024-05-01 00:00:00,77,2024-05-01,2024,5
THREE WHEELER(NT),2024-06-01 00:00:00,95,2024-06-01,2024,6
THREE WHEELER(NT),2024-07-01 00:00:00,73,2024-07-01,2024,7
THREE WHEELER(NT),2024-08-01 00:00:00,87,2024-08-01,2024,8
THREE WHEELER(NT),2024-09-01 00:00:00,87,2024-09-01,2024,9
THREE WHEELER(NT),2024-10-01 00:00:00,92,2024-10-01,2024,10
THREE WHEELER(NT),2024-11-01 00:00:00,116,2024-11-01,2024,11
THREE WHEELER(NT),2024-12-01 00:00:00,68,2024-12-01,2024,12
THREE WHEELER(NT),2025-01-01 00:00:00,84,2025-01-01,2025,1
THREE WHEELER(NT),2025-02-01 00:00:00,69,2025-02-01,2025,2
THREE WHEELER(NT),2025-03-01 00:00:00,87,2025-03-01,2025,3
THREE WHEELER(NT),2025-04-01 00:00:00,142,2025-04-01,2025,4
THREE WHEELER(NT),2025-05-01 00:00:00,138,2025-05-01,2025,5
THREE WHEELER(NT),2025-06-01 00:00:00,96,2025-06-01,2025,6
THREE WHEELER(NT),2025-07-01 00:00:00,92,2025-07-01,2025,7
THREE WHEELER(NT),2025-08-01 00:00:00,25,2025-08-01,2025,8
THREE WHEELER(T),2021-01-01 00:00:00,34163,2021-01-01,2021,1
THREE WHEELER(T),2021-02-01 00:00:00,35937,2021-02-01,2021,2
THREE WHEELER(T),2021-03-01 00:00:00,41306,2021-03-01,2021,3
THREE WHEELER(T),2021-04-01 00:00:00,23459,2021-04-01,2021,4
THREE WHEELER(T),2021-05-01 00:00:00,5729,2021-05-01,2021,5
THREE WHEELER(T),2021-06-01 00:00:00,16283,2021-06-01,2021,6
THREE WHEELER(T),2021-07-01 00:00:00,30096,2021-07-01,2021,7
THREE WHEELER(T),2021-08-01 00:00:00,32743,2021-08-01,2021,8
THREE WHEELER(T),2021-09-01 00:00:00,39348,2021-09-01,2021,9
THREE WHEELER(T),2021-10-01 00:00:00,42360,2021-10-01,2021,10
THREE WHEELER(T),2021-11-01 00:00:00,43358,2021-11-01,2021,11
THREE WHEELER(T),2021-12-01 00:00:00,47171,2021-12-01,2021,12
THREE WHEELER(T),2022-01-01 00:00:00,43174,2022-01-01,2022,1
THREE WHEELER(T),2022-02-01 00:00:00,41566,2022-02-01,2022,2
THREE WHEELER(T),2022-03-01 00:00:00,51167,2022-03-01,2022,3
THREE WHEELER(T),2022-04-01 00:00:00,44921,2022-04-01,2022,4
THREE WHEELER(T),2022-05-01 00:00:00,44039,2022-05-01,2022,5
THREE WHEELER(T),2022-06-01 00:00:00,48831,2022-06-01,2022,6
THREE WHEELER(T),2022-07-01 00:00:00,53330,2022-07-01,2022,7
THREE WHEELER(T),2022-08-01 00:00:00,59399,2022-08-01,2022,8
THREE WHEELER(T),2022-09-01 00:00:00,67224,2022-09-01,2022,9
THREE WHEELER(T),2022-10-01 00:00:00,69926,2022-10-01,2022,10
THREE WHEELER(T),2022-11-01 00:00:00,78969,2022-11-01,2022,11
THREE WHEELER(T),2022-12-01 00:00:00,67626,2022-12-01,2022,12
THREE WHEELER(T),2023-01-01 00:00:00,69510,2023-01-01,2023,1
THREE WHEELER(T),2023-02-01 00:00:00,74893,2023-02-01,2023,2
THREE WHEELER(T),2023-03-01 00:00:00,88489,2023-03-01,2023,3
THREE WHEELER(T),2023-04-01 00:00:00,73180,2023-04-01,2023,4
THREE WHEELER(T),2023-05-01 00:00:00,82167,2023-05-01,2023,5
THREE WHEELER(T),2023-06-01 00:00:00,89830,2023-06-01,2023,6
THREE WHEELER(T),2023-07-01 00:00:00,97862,2023-07-01,2023,7
THREE WHEELER(T),2023-08-01 00:00:00,103857,2023-08-01,2023,8
THREE WHEELER(T),2023-09-01 00:00:00,105880,2023-09-01,2023,9
THREE WHEELER(T),2023-10-01 00:00:00,110379,2023-10-01,2023,10
THREE WHEELER(T),2023-11-01 00:00:00,103849,2023-11-01,2023,11
THREE WHEELER(T),2023-12-01 00:00:00,98294,2023-12-01,2023,12
THREE WHEELER(T),2024-01-01 00:00:00,100109,2024-01-01,2024,1
THREE WHEELER(T),2024-02-01 00:00:00,95950,2024-02-01,2024,2
THREE WHEELER(T),2024-03-01 00:00:00,105251,2024-03-01,2024,3
THREE WHEELER(T),2024-04-01 00:00:00,80064,2024-04-01,2024,4
THREE WHEELER(T),2024-05-01 00:00:00,98195,2024-05-01,2024,5
THREE WHEELER(T),2024-06-01 00:00:00,94231,2024-06-01,2024,6
THREE WHEELER(T),2024-07-01 00:00:00,110435,2024-07-01,2024,7
THREE WHEELER(T),2024-08-01 00:00:00,105403,2024-08-01,2024,8
THREE WHEELER(T),2024-09-01 00:00:00,106445,2024-09-01,2024,9
THREE WHEELER(T),2024-10-01 00:00:00,122763,2024-10-01,2024,10
THREE WHEELER(T),2024-11-01 00:00:00,108210,2024-11-01,2024,11
THREE WHEELER(T),2024-12-01 00:00:00,93820,2024-12-01,2024,12
THREE WHEELER(T),2025-01-01 00:00:00,106940,2025-01-01,2025,1
THREE WHEELER(T),2025-02-01 00:00:00,94123,2025-02-01,2025,2
THREE WHEELER(T),2025-03-01 00:00:00,99294,2025-03-01,2025,3
THREE WHEELER(T),2025-04-01 00:00:00,99629,2025-04-01,2025,4
THREE WHEELER(T),2025-05-01 00:00:00,104314,2025-05-01,2025,5
THREE WHEELER(T),2025-06-01 00:00:00,100534,2025-06-01,2025,6
THREE WHEELER(T),2025-07-01 00:00:00,111335,2025-07-01,2025,7
THREE WHEELER(T),2025-08-01 00:00:00,22418,2025-08-01,2025,8
TWO WHEELER (INVALID CARRIAGE),2021-01-01 00:00:00,830,2021-01-01,2021,1
TWO WHEELER (INVALID CARRIAGE),2021-02-01 00:00:00,756,2021-02-01,2021,2
TWO WHEELER (INVALID CARRIAGE),2021-03-01 00:00:00,923,2021-03-01,2021,3
TWO WHEELER (INVALID CARRIAGE),2021-04-01 00:00:00,558,2021-04-01,2021,4
TWO WHEELER (INVALID CARRIAGE),2021-05-01 00:00:00,61,2021-05-01,2021,5
TWO WHEELER (INVALID CARRIAGE),2021-06-01 00:00:00,297,2021-06-01,2021,6
TWO WHEELER (INVALID CARRIAGE),2021-07-01 00:00:00,1754,2021-07-01,2021,7
TWO WHEELER (INVALID CARRIAGE),2021-08-01 00:00:00,866,2021-08-01,2021,8
TWO WHEELER (INVALID CARRIAGE),2021-09-01 00:00:00,979,2021-09-01,2021,9
TWO WHEELER (INVALID CARRIAGE),2021-10-01 00:00:00,1325,2021-10-01,2021,10
TWO WHEELER (INVALID CARRIAGE),2021-11-01 00:00:00,923,2021-11-01,2021,11
TWO WHEELER (INVALID CARRIAGE),2021-12-01 00:00:00,677,2021-12-01,2021,12
TWO WHEELER (INVALID CARRIAGE),2022-01-01 00:00:00,673,2022-01-01,2022,1
TWO WHEELER (INVALID CARRIAGE),2022-02-01 00:00:00,1166,2022-02-01,2022,2
TWO WHEELER (INVALID CARRIAGE),2022-03-01 00:00:00,2049,2022-03-01,2022,3
TWO WHEELER (INVALID CARRIAGE),2022-04-01 00:00:00,2269,2022-04-01,2022,4
TWO WHEELER (INVALID CARRIAGE),2022-05-01 00:00:00,1503,2022-05-01,2022,5
TWO WHEELER (INVALID CARRIAGE),2022-06-01 00:00:00,1072,2022-06-01,2022,6
TWO WHEELER (INVALID CARRIAGE),2022-07-01 00:00:00,1378,2022-07-01,2022,7
TWO WHEELER (INVALID CARRIAGE),2022-08-01 00:00:00,1017,2022-08-01,2022,8
TWO WHEELER (INVALID CARRIAGE),2022-09-01 00:00:00,669,2022-09-01,2022,9
TWO WHEELER (INVALID CARRIAGE),2022-10-01 00:00:00,504,2022-10-01,2022,10
TWO WHEELER (INVALID CARRIAGE),2022-11-01 00:00:00,581,2022-11-01,2022,11
TWO WHEELER (INVALID CARRIAGE),2022-12-01 00:00:00,839,2022-12-01,2022,12
TWO WHEELER (INVALID CARRIAGE),2023-01-01 00:00:00,674,2023-01-01,2023,1
TWO WHEELER (INVALID CARRIAGE),2023-02-01 00:00:00,1503,2023-02-01,2023,2
TWO WHEELER (INVALID CARRIAGE),2023-03-01 00:00:00,4118,2023-03-01,2023,3
TWO WHEELER (INVALID CARRIAGE),2023-04-01 00:00:00,2118,2023-04-01,2023,4
TWO WHEELER (INVALID CARRIAGE),2023-05-01 00:00:00,2148,2023-05-01,2023,5
TWO WHEELER (INVALID CARRIAGE),2023-06-01 00:00:00,1639,2023-06-01,2023,6
TWO WHEELER (INVALID CARRIAGE),2023-07-01 00:00:00,2121,2023-07-01,2023,7
TWO WHEELER (INVALID CARRIAGE),2023-08-01 00:00:00,2180,2023-08-01,2023,8
TWO WHEELER (INVALID CARRIAGE),2023-09-01 00:00:00,2643,2023-09-01,2023,9
TWO WHEELER (INVALID CARRIAGE),2023-10-01 00:00:00,3280,2023-10-01,2023,10
TWO WHEELER (INVALID CARRIAGE),2023-11-01 00:00:00,634,2023-11-01,2023,11
TWO WHEELER (INVALID CARRIAGE),2023-12-01 00:00:00,1398,2023-12-01,2023,12
TWO WHEELER (INVALID CARRIAGE),2024-01-01 00:00:00,841,2024-01-01,2024,1
TWO WHEELER (INVALID CARRIAGE),2024-02-01 00:00:00,2503,2024-02-01,2024,2
TWO WHEELER (INVALID CARRIAGE),2024-03-01 00:00:00,3181,2024-03-01,2024,3
TWO WHEELER (INVALID CARRIAGE),2024-04-01 00:00:00,1342,2024-04-01,2024,4
TWO WHEELER (INVALID CARRIAGE),2024-05-01 00:00:00,884,2024-05-01,2024,5
TWO WHEELER (INVALID CARRIAGE),2024-06-01 00:00:00,807,2024-06-01,2024,6
TWO WHEELER (INVALID CARRIAGE),2024-07-01 00:00:00,1618,2024-07-01,2024,7
TWO WHEELER (INVALID CARRIAGE),2024-08-01 00:00:00,1004,2024-08-01,2024,8
TWO WHEELER (INVALID CARRIAGE),2024-09-01 00:00:00,630,2024-09-01,2024,9
TWO WHEELER (INVALID CARRIAGE),2024-10-01 00:00:00,731,2024-10-01,2024,10
TWO WHEELER (INVALID CARRIAGE),2024-11-01 00:00:00,882,2024-11-01,2024,11
TWO WHEELER (INVALID CARRIAGE),2024-12-01 00:00:00,1443,2024-12-01,2024,12
TWO WHEELER (INVALID CARRIAGE),2025-01-01 00:00:00,1636,2025-01-01,2025,1
TWO WHEELER (INVALID CARRIAGE),2025-02-01 00:00:00,2660,2025-02-01,2025,2
TWO WHEELER (INVALID CARRIAGE),2025-03-01 00:00:00,6285,2025-03-01,2025,3
TWO WHEELER (INVALID CARRIAGE),2025-04-01 00:00:00,1736,2025-04-01,2025,4
TWO WHEELER (INVALID CARRIAGE),2025-05-01 00:00:00,1569,2025-05-01,2025,5
TWO WHEELER (INVALID CARRIAGE),2025-06-01 00:00:00,862,2025-06-01,2025,6
TWO WHEELER (INVALID CARRIAGE),2025-07-01 00:00:00,1004,2025-07-01,2025,7
TWO WHEELER (INVALID CARRIAGE),2025-08-01 00:00:00,185,2025-08-01,2025,8
TWO WHEELER(NT),2021-01-01 00:00:00,1362866,2021-01-01,2021,1
TWO WHEELER(NT),2021-02-01 00:00:00,1241281,2021-02-01,2021,2
TWO WHEELER(NT),2021-03-01 00:00:00,1351961,2021-03-01,2021,3
TWO WHEELER(NT),2021-04-01 00:00:00,959303,2021-04-01,2021,4
TWO WHEELER(NT),2021-05-01 00:00:00,459191,2021-05-01,2021,5
TWO WHEELER(NT),2021-06-01 00:00:00,1075985,2021-06-01,2021,6
TWO WHEELER(NT),2021-07-01 00:00:00,1291527,2021-07-01,2021,7
TWO WHEELER(NT),2021-08-01 00:00:00,1103662,2021-08-01,2021,8
TWO WHEELER(NT),2021-09-01 00:00:00,1032165,2021-09-01,2021,9
TWO WHEELER(NT),2021-10-01 00:00:00,1136853,2021-10-01,2021,10
TWO WHEELER(NT),2021-11-01 00:00:00,1599841,2021-11-01,2021,11
TWO WHEELER(NT),2021-12-01 00:00:00,1301785,2021-12-01,2021,12
TWO WHEELER(NT),2022-01-01 00:00:00,1153097,2022-01-01,2022,1
TWO WHEELER(NT),2022-02-01 00:00:00,1106241,2022-02-01,2022,2
TWO WHEELER(NT),2022-03-01 00:00:00,1286215,2022-03-01,2022,3
TWO WHEELER(NT),2022-04-01 00:00:00,1327304,2022-04-01,2022,4
TWO WHEELER(NT),2022-05-01 00:00:00,1365402,2022-05-01,2022,5
TWO WHEELER(NT),2022-06-01 00:00:00,1226220,2022-06-01,2022,6
TWO WHEELER(NT),2022-07-01 00:00:00,1134507,2022-07-01,2022,7
TWO WHEELER(NT),2022-08-01 00:00:00,1178776,2022-08-01,2022,8
TWO WHEELER(NT),2022-09-01 00:00:00,1076986,2022-09-01,2022,9
TWO WHEELER(NT),2022-10-01 00:00:00,1722871,2022-10-01,2022,10
TWO WHEELER(NT),2022-11-01 00:00:00,1853811,2022-11-01,2022,11
TWO WHEELER(NT),2022-12-01 00:00:00,1134372,2022-12-01,2022,12
TWO WHEELER(NT),2023-01-01 00:00:00,1267984,2023-01-01,2023,1
TWO WHEELER(NT),2023-02-01 00:00:00,1270040,2023-02-01,2023,2
TWO WHEELER(NT),2023-03-01 00:00:00,1449544,2023-03-01,2023,3
TWO WHEELER(NT),2023-04-01 00:00:00,1232540,2023-04-01,2023,4
TWO WHEELER(NT),2023-05-01 00:00:00,1496488,2023-05-01,2023,5
TWO WHEELER(NT),2023-06-01 00:00:00,1313499,2023-06-01,2023,6
TWO WHEELER(NT),2023-07-01 00:00:00,1230905,2023-07-01,2023,7
TWO WHEELER(NT),2023-08-01 00:00:00,1258250,2023-08-01,2023,8
TWO WHEELER(NT),2023-09-01 00:00:00,1313884,2023-09-01,2023,9
TWO WHEELER(NT),2023-10-01 00:00:00,1513043,2023-10-01,2023,10
TWO WHEELER(NT),2023-11-01 00:00:00,2257529,2023-11-01,2023,11
TWO WHEELER(NT),2023-12-01 00:00:00,1452715,2023-12-01,2023,12
TWO WHEELER(NT),2024-01-01 00:00:00,1463890,2024-01-01,2024,1
TWO WHEELER(NT),2024-02-01 00:00:00,1443654,2024-02-01,2024,2
TWO WHEELER(NT),2024-03-01 00:00:00,1533834,2024-03-01,2024,3
TWO WHEELER(NT),2024-04-01 00:00:00,1648450,2024-04-01,2024,4
TWO WHEELER(NT),2024-05-01 00:00:00,1538422,2024-05-01,2024,5
TWO WHEELER(NT),2024-06-01 00:00:00,1379603,2024-06-01,2024,6
TWO WHEELER(NT),2024-07-01 00:00:00,1448398,2024-07-01,2024,7
TWO WHEELER(NT),2024-08-01 00:00:00,1342849,2024-08-01,2024,8
TWO WHEELER(NT),2024-09-01 00:00:00,1206368,2024-09-01,2024,9
TWO WHEELER(NT),2024-10-01 00:00:00,2072980,2024-10-01,2024,10
TWO WHEELER(NT),2024-11-01 00:00:00,2625752,2024-11-01,2024,11
TWO WHEELER(NT),2024-12-01 00:00:00,1200438,2024-12-01,2024,12
TWO WHEELER(NT),2025-01-01 00:00:00,1532009,2025-01-01,2025,1
TWO WHEELER(NT),2025-02-01 00:00:00,1359155,2025-02-01,2025,2
TWO WHEELER(NT),2025-03-01 00:00:00,1514356,2025-03-01,2025,3
TWO WHEELER(NT),2025-04-01 00:00:00,1694013,2025-04-01,2025,4
TWO WHEELER(NT),2025-05-01 00:00:00,1658120,2025-05-01,2025,5
TWO WHEELER(NT),2025-06-01 00:00:00,1450610,2025-06-01,2025,6
TWO WHEELER(NT),2025-07-01 00:00:00,1355695,2025-07-01,2025,7
TWO WHEELER(NT),2025-08-01 00:00:00,285460,2025-08-01,2025,8
TWO WHEELER(T),2021-01-01 00:00:00,904,2021-01-01,2021,1
TWO WHEELER(T),2021-02-01 00:00:00,800,2021-02-01,2021,2
TWO WHEELER(T),2021-03-01 00:00:00,1199,2021-03-01,2021,3
TWO WHEELER(T),2021-04-01 00:00:00,520,2021-04-01,2021,4
TWO WHEELER(T),2021-05-01 00:00:00,22,2021-05-01,2021,5
TWO WHEELER(T),2021-06-01 00:00:00,122,2021-06-01,2021,6
TWO WHEELER(T),2021-07-01 00:00:00,295,2021-07-01,2021,7
TWO WHEELER(T),2021-08-01 00:00:00,357,2021-08-01,2021,8
TWO WHEELER(T),2021-09-01 00:00:00,690,2021-09-01,2021,9
TWO WHEELER(T),2021-10-01 00:00:00,950,2021-10-01,2021,10
TWO WHEELER(T),2021-11-01 00:00:00,810,2021-11-01,2021,11
TWO WHEELER(T),2021-12-01 00:00:00,1731,2021-12-01,2021,12
TWO WHEELER(T),2022-01-01 00:00:00,1071,2022-01-01,2022,1
TWO WHEELER(T),2022-02-01 00:00:00,1089,2022-02-01,2022,2
TWO WHEELER(T),2022-03-01 00:00:00,882,2022-03-01,2022,3
TWO WHEELER(T),2022-04-01 00:00:00,1628,2022-04-01,2022,4
TWO WHEELER(T),2022-05-01 00:00:00,1695,2022-05-01,2022,5
TWO WHEELER(T),2022-06-01 00:00:00,1753,2022-06-01,2022,6
TWO WHEELER(T),2022-07-01 00:00:00,1258,2022-07-01,2022,7
TWO WHEELER(T),2022-08-01 00:00:00,1671,2022-08-01,2022,8
TWO WHEELER(T),2022-09-01 00:00:00,1346,2022-09-01,2022,9
TWO WHEELER(T),2022-10-01 00:00:00,2152,2022-10-01,2022,10
TWO WHEELER(T),2022-11-01 00:00:00,2330,2022-11-01,2022,11
TWO WHEELER(T),2022-12-01 00:00:00,2114,2022-12-01,2022,12
TWO WHEELER(T),2023-01-01 00:00:00,1056,2023-01-01,2023,1
TWO WHEELER(T),2023-02-01 00:00:00,1058,2023-02-01,2023,2
TWO WHEELER(T),2023-03-01 00:00:00,1384,2023-03-01,2023,3
TWO WHEELER(T),2023-04-01 00:00:00,1250,2023-04-01,2023,4
TWO WHEELER(T),2023-05-01 00:00:00,1344,2023-05-01,2023,5
TWO WHEELER(T),2023-06-01 00:00:00,1169,2023-06-01,2023,6
TWO WHEELER(T),2023-07-01 00:00:00,1066,2023-07-01,2023,7
TWO WHEELER(T),2023-08-01 00:00:00,974,2023-08-01,2023,8
TWO WHEELER(T),2023-09-01 00:00:00,2432,2023-09-01,2023,9
TWO WHEELER(T),2023-10-01 00:00:00,1623,2023-10-01,2023,10
TWO WHEELER(T),2023-11-01 00:00:00,1454,2023-11-01,2023,11
TWO WHEELER(T),2023-12-01 00:00:00,1626,2023-12-01,2023,12
TWO WHEELER(T),2024-01-01 00:00:00,1135,2024-01-01,2024,1
TWO WHEELER(T),2024-02-01 00:00:00,1007,2024-02-01,2024,2
TWO WHEELER(T),2024-03-01 00:00:00,1509,2024-03-01,2024,3
TWO WHEELER(T),2024-04-01 00:00:00,1148,2024-04-01,2024,4
TWO WHEELER(T),2024-05-01 00:00:00,1617,2024-05-01,2024,5
TWO WHEELER(T),2024-06-01 00:00:00,1436,2024-06-01,2024,6
TWO WHEELER(T),2024-07-01 00:00:00,1081,2024-07-01,2024,7
TWO WHEELER(T),2024-08-01 00:00:00,1524,2024-08-01,2024,8
TWO WHEELER(T),2024-09-01 00:00:00,2583,2024-09-01,2024,9
TWO WHEELER(T),2024-10-01 00:00:00,2547,2024-10-01,2024,10
TWO WHEELER(T),2024-11-01 00:00:00,1801,2024-11-01,2024,11
TWO WHEELER(T),2024-12-01 00:00:00,2097,2024-12-01,2024,12
TWO WHEELER(T),2025-01-01 00:00:00,1498,2025-01-01,2025,1
TWO WHEELER(T),2025-02-01 00:00:00,869,2025-02-01,2025,2
TWO WHEELER(T),2025-03-01 00:00:00,1589,2025-03-01,2025,3
TWO WHEELER(T),2025-04-01 00:00:00,1332,2025-04-01,2025,4
TWO WHEELER(T),2025-05-01 00:00:00,1619,2025-05-01,2025,5
TWO WHEELER(T),2025-06-01 00:00:00,1706,2025-06-01,2025,6
TWO WHEELER(T),2025-07-01 00:00:00,1486,2025-07-01,2025,7
TWO WHEELER(T),2025-08-01 00:00:00,340,2025-08-01,2025,8
